[
  {
    "model": "rides.person",
    "pk": 1,
    "fields": {
      "first_name": "Jaffar",
      "origination": "Al Ain",
      "destination_city": "Miami",
      "destination_state": "FL",
      "date": "2024-02-22",
      "time": "09:00",
      "taking_passengers": true,
      "seats_available": 3
    }
  },
  {
    "model": "rides.person",
    "pk": 2,
    "fields": {
      "first_name": "Joyce",
      "origination": "Miami",
      "destination_city": "Miami",
      "destination_state": "FL",
      "date": "2024-02-22",
      "time": "10:30",
      "taking_passengers": false,
      "seats_available": 0
    }
  },
  {
    "model": "rides.person",
    "pk": 3,
    "fields": {
      "first_name": "Kinyetta",
      "origination": "Brooklyn",
      "destination_city": "Miami",
      "destination_state": "FL",
      "date": "2024-02-23",
      "time": "14:45",
      "taking_passengers": true,
      "seats_available": 2
    }
  },
  {
    "model": "rides.person",
    "pk": 4,
    "fields": {
      "first_name": "Nestor",
      "origination": "Thibodaux",
      "destination_city": "Miami",
      "destination_state": "FL",
      "date": "2024-02-23",
      "time": "16:20",
      "taking_passengers": true,
      "seats_available": 4
    }
  },
  {
    "model": "rides.person",
    "pk": 5,
    "fields": {
      "first_name": "Deepika",
      "origination": "Orlando",
      "destination_city": "Miami",
      "destination_state": "FL",
      "date": "2024-02-24",
      "time": "11:10",
      "taking_passengers": true,
      "seats_available": 1
    }
  },
  {
    "model": "rides.person",
    "pk": 6,
    "fields": {
      "first_name": "Aundray",
      "origination": "Zanesville",
      "destination_city": "Miami",
      "destination_state": "FL",
      "date": "2024-02-22",
      "time": "13:45",
      "taking_passengers": true,
      "seats_available": 2
    }
  },
  {
    "model": "rides.person",
    "pk": 7,
    "fields": {
      "first_name": "Renee",
      "origination": "Huntsville",
      "destination_city": "Miami",
      "destination_state": "FL",
      "date": "2024-02-23",
      "time": "10:20",
      "taking_passengers": false,
      "seats_available": 0
    }
  },
  {
    "model": "rides.person",
    "pk": 8,
    "fields": {
      "first_name": "Alessio",
      "origination": "Atlanta",
      "destination_city": "Miami",
      "destination_state": "FL",
      "date": "2024-02-24",
      "time": "15:30",
      "taking_passengers": true,
      "seats_available": 3
    }
  },
  {
    "model": "rides.person",
    "pk": 9,
    "fields": {
      "first_name": "Christopher",
      "origination": "Miami",
      "destination_city": "Miami",
      "destination_state": "FL",
      "date": "2024-02-24",
      "time": "14:15",
      "taking_passengers": true,
      "seats_available": 1
    }
  },
  {
    "model": "rides.person",
    "pk": 10,
    "fields": {
      "first_name": "Chef",
      "origination": "Oakland",
      "destination_city": "Miami",
      "destination_state": "FL",
      "date": "2024-02-25",
      "time": "11:45",
      "taking_passengers": false,
      "seats_available": 0
    }
  },
  {
    "model": "rides.person",
    "pk": 11,
    "fields": {
      "first_name": "Flamingo",
      "origination": "Saint Petersburg",
      "destination_city": "Miami",
      "destination_state": "FL",
      "date": "2024-02-25",
      "time": "13:00",
      "taking_passengers": true,
      "seats_available": 2
    }
  },
  {
    "model": "rides.person",
    "pk": 12,
    "fields": {
      "first_name": "Ndzong",
      "origination": "Yaounde",
      "destination_city": "Miami",
      "destination_state": "FL",
      "date": "2024-02-25",
      "time": "12:30",
      "taking_passengers": true,
      "seats_available": 3
    }
  },
  {
    "model": "rides.person",
    "pk": 13,
    "fields": {
      "first_name": "Carlos",
      "origination": "Miami",
      "destination_city": "Miami",
      "destination_state": "FL",
      "date": "2024-02-22",
      "time": "09:30",
      "taking_passengers": true,
      "seats_available": 4
    }
  },
  {
    "model": "rides.person",
    "pk": 14,
    "fields": {
      "first_name": "Yasniel",
      "origination": "Miami",
      "destination_city": "Miami",
      "destination_state": "FL",
      "date": "2024-02-23",
      "time": "14:00",
      "taking_passengers": true,
      "seats_available": 3
    }
  },
  {
    "model": "rides.person",
    "pk": 15,
    "fields": {
      "first_name": "Nadine",
      "origination": "Wilton",
      "destination_city": "Miami",
      "destination_state": "FL",
      "date": "2024-02-24",
      "time": "11:45",
      "taking_passengers": false,
      "seats_available": 0
    }
  },
  {
    "model": "rides.person",
    "pk": 16,
    "fields": {
      "first_name": "Cynthia",
      "origination": "Philadelphia",
      "destination_city": "Miami",
      "destination_state": "FL",
      "date": "2024-02-24",
      "time": "16:30",
      "taking_passengers": true,
      "seats_available": 2
    }
  },
  {
    "model": "rides.person",
    "pk": 17,
    "fields": {
      "first_name": "Brendan",
      "origination": "Fort Lauderdale",
      "destination_city": "Miami",
      "destination_state": "FL",
      "date": "2024-02-25",
      "time": "10:15",
      "taking_passengers": true,
      "seats_available": 1
    }
  },
  {
    "model": "rides.person",
    "pk": 18,
    "fields": {
      "first_name": "Sandra",
      "origination": "Hialeah",
      "destination_city": "Miami",
      "destination_state": "FL",
      "date": "2024-02-25",
      "time": "09:00",
      "taking_passengers": false,
      "seats_available": 0
    }
  },
  {
    "model": "rides.person",
    "pk": 19,
    "fields": {
      "first_name": "Marian",
      "origination": "Manila",
      "destination_city": "Miami",
      "destination_state": "FL",
      "date": "2024-02-25",
      "time": "13:45",
      "taking_passengers": true,
      "seats_available": 2
    }
  },
  {
    "model": "rides.person",
    "pk": 20,
    "fields": {
      "first_name": "S",
      "origination": "Pembroke Pines",
      "destination_city": "Miami",
      "destination_state": "FL",
      "date": "2024-02-25",
      "time": "17:30",
      "taking_passengers": true,
      "seats_available": 3
    }
  },
  {
    "model": "rides.person",
    "pk": 21,
    "fields": {
      "first_name": "Wendy Burr",
      "origination": "Marco Island",
      "destination_city": "Miami",
      "destination_state": "FL",
      "date": "2024-02-22",
      "time": "09:45",
      "taking_passengers": true,
      "seats_available": 3
    }
  },
  {
    "model": "rides.person",
    "pk": 22,
    "fields": {
      "first_name": "Robert",
      "origination": "Orlando",
      "destination_city": "Miami",
      "destination_state": "FL",
      "date": "2024-02-23",
      "time": "12:30",
      "taking_passengers": true,
      "seats_available": 2
    }
  },
  {
    "model": "rides.person",
    "pk": 23,
    "fields": {
      "first_name": "Kimberly",
      "origination": "Waldport",
      "destination_city": "Miami",
      "destination_state": "FL",
      "date": "2024-02-24",
      "time": "15:15",
      "taking_passengers": false,
      "seats_available": 0
    }
  },
  {
    "model": "rides.person",
    "pk": 24,
    "fields": {
      "first_name": "Dietmar",
      "origination": "Miami",
      "destination_city": "Miami",
      "destination_state": "FL",
      "date": "2024-02-25",
      "time": "17:30",
      "taking_passengers": true,
      "seats_available": 3
    }
  },
  {
    "model": "rides.person",
    "pk": 25,
    "fields": {
      "first_name": "Roshni",
      "origination": "Houston",
      "destination_city": "Miami",
      "destination_state": "FL",
      "date": "2024-02-25",
      "time": "20:00",
      "taking_passengers": true,
      "seats_available": 1
    }
  },
  {
    "model": "rides.person",
    "pk": 26,
    "fields": {
      "first_name": "Olena",
      "origination": "New York",
      "destination_city": "Miami",
      "destination_state": "FL",
      "date": "2024-02-22",
      "time": "08:45",
      "taking_passengers": true,
      "seats_available": 3
    }
  },
  {
    "model": "rides.person",
    "pk": 27,
    "fields": {
      "first_name": "Jorge",
      "origination": "Miami",
      "destination_city": "Miami",
      "destination_state": "FL",
      "date": "2024-02-23",
      "time": "11:30",
      "taking_passengers": true,
      "seats_available": 2
    }
  },
  {
    "model": "rides.person",
    "pk": 28,
    "fields": {
      "first_name": "Jorge",
      "origination": "Miami",
      "destination_city": "Miami",
      "destination_state": "FL",
      "date": "2024-02-24",
      "time": "14:15",
      "taking_passengers": false,
      "seats_available": 0
    }
  },
  {
    "model": "rides.person",
    "pk": 29,
    "fields": {
      "first_name": "Wetteny",
      "origination": "Miami",
      "destination_city": "Miami",
      "destination_state": "FL",
      "date": "2024-02-25",
      "time": "16:30",
      "taking_passengers": true,
      "seats_available": 3
    }
  },
  {
    "model": "rides.person",
    "pk": 30,
    "fields": {
      "first_name": "Amosun",
      "origination": "Osogbo",
      "destination_city": "Miami",
      "destination_state": "FL",
      "date": "2024-02-25",
      "time": "19:00",
      "taking_passengers": true,
      "seats_available": 1
    }
  },
  {
    "model": "rides.person",
    "pk": 31,
    "fields": {
      "first_name": "Nestor J",
      "origination": "Thibodaux",
      "destination_city": "Miami",
      "destination_state": "FL",
      "date": "2024-02-22",
      "time": "08:45",
      "taking_passengers": true,
      "seats_available": 3
    }
  },
  {
    "model": "rides.person",
    "pk": 32,
    "fields": {
      "first_name": "Aundray",
      "origination": "Zanesville",
      "destination_city": "Miami",
      "destination_state": "FL",
      "date": "2024-02-23",
      "time": "11:30",
      "taking_passengers": true,
      "seats_available": 2
    }
  },
  {
    "model": "rides.person",
    "pk": 33,
    "fields": {
      "first_name": "Carlos",
      "origination": "Miami",
      "destination_city": "Miami",
      "destination_state": "FL",
      "date": "2024-02-24",
      "time": "14:15",
      "taking_passengers": false,
      "seats_available": 0
    }
  },
  {
    "model": "rides.person",
    "pk": 34,
    "fields": {
      "first_name": "Brendan",
      "origination": "Fort Lauderdale",
      "destination_city": "Miami",
      "destination_state": "FL",
      "date": "2024-02-25",
      "time": "16:30",
      "taking_passengers": true,
      "seats_available": 3
    }
  },
  {
    "model": "rides.person",
    "pk": 35,
    "fields": {
      "first_name": "Robert",
      "origination": "Orlando",
      "destination_city": "Miami",
      "destination_state": "FL",
      "date": "2024-02-25",
      "time": "19:00",
      "taking_passengers": true,
      "seats_available": 1
    }
  },
  {
    "model": "rides.person",
    "pk": 36,
    "fields": {
      "first_name": "Brendan",
      "origination": "Fort Lauderdale",
      "destination_city": "Miami",
      "destination_state": "FL",
      "date": "2024-02-22",
      "time": "08:30",
      "taking_passengers": true,
      "seats_available": 3
    }
  },
  {
    "model": "rides.person",
    "pk": 37,
    "fields": {
      "first_name": "Robert",
      "origination": "Orlando",
      "destination_city": "Miami",
      "destination_state": "FL",
      "date": "2024-02-23",
      "time": "10:45",
      "taking_passengers": true,
      "seats_available": 2
    }
  },
  {
    "model": "rides.person",
    "pk": 38,
    "fields": {
      "first_name": "Eqab",
      "origination": "Ramallah",
      "destination_city": "Miami",
      "destination_state": "FL",
      "date": "2024-02-24",
      "time": "14:15",
      "taking_passengers": false,
      "seats_available": 0
    }
  },
  {
    "model": "rides.person",
    "pk": 39,
    "fields": {
      "first_name": "Nestor J",
      "origination": "Thibodaux",
      "destination_city": "Miami",
      "destination_state": "FL",
      "date": "2024-02-25",
      "time": "16:30",
      "taking_passengers": true,
      "seats_available": 3
    }
  },
  {
    "model": "rides.person",
    "pk": 40,
    "fields": {
      "first_name": "Aundray",
      "origination": "Zanesville",
      "destination_city": "Miami",
      "destination_state": "FL",
      "date": "2024-02-25",
      "time": "19:00",
      "taking_passengers": true,
      "seats_available": 1
    }
  },
  {
    "model": "rides.person",
    "pk": 41,
    "fields": {
      "first_name": "Carlos",
      "origination": "Miami",
      "destination_city": "Miami",
      "destination_state": "FL",
      "date": "2024-02-22",
      "time": "08:45",
      "taking_passengers": true,
      "seats_available": 3
    }
  },
  {
    "model": "rides.person",
    "pk": 42,
    "fields": {
      "first_name": "Brendan",
      "origination": "Fort Lauderdale",
      "destination_city": "Miami",
      "destination_state": "FL",
      "date": "2024-02-23",
      "time": "10:45",
      "taking_passengers": true,
      "seats_available": 2
    }
  },
  {
    "model": "rides.person",
    "pk": 43,
    "fields": {
      "first_name": "Robert",
      "origination": "Orlando",
      "destination_city": "Miami",
      "destination_state": "FL",
      "date": "2024-02-24",
      "time": "14:15",
      "taking_passengers": false,
      "seats_available": 0
    }
  },
  {
    "model": "rides.person",
    "pk": 44,
    "fields": {
      "first_name": "Eqab",
      "origination": "Ramallah",
      "destination_city": "Miami",
      "destination_state": "FL",
      "date": "2024-02-25",
      "time": "16:30",
      "taking_passengers": true,
      "seats_available": 3
    }
  },
  {
    "model": "rides.person",
    "pk": 45,
    "fields": {
      "first_name": "suresh thannickel",
      "origination": "Al Ain",
      "destination_city": "Miami",
      "destination_state": "FL",
      "date": "2024-02-25",
      "time": "19:00",
      "taking_passengers": true,
      "seats_available": 1
    }
  },
  {
    "model": "rides.person",
    "pk": 46,
    "fields": {
      "first_name": "Mark",
      "origination": "Accra",
      "destination_city": "Miami",
      "destination_state": "FL",
      "date": "2024-02-22",
      "time": "08:30",
      "taking_passengers": true,
      "seats_available": 3
    }
  },
  {
    "model": "rides.person",
    "pk": 47,
    "fields": {
      "first_name": "John",
      "origination": "Meadville",
      "destination_city": "Miami",
      "destination_state": "FL",
      "date": "2024-02-23",
      "time": "10:45",
      "taking_passengers": true,
      "seats_available": 2
    }
  },
  {
    "model": "rides.person",
    "pk": 48,
    "fields": {
      "first_name": "Jim",
      "origination": "Fort Myers",
      "destination_city": "Miami",
      "destination_state": "FL",
      "date": "2024-02-24",
      "time": "14:15",
      "taking_passengers": false,
      "seats_available": 0
    }
  },
  {
    "model": "rides.person",
    "pk": 49,
    "fields": {
      "first_name": "Cory Paul",
      "origination": "Miami Beach",
      "destination_city": "Miami",
      "destination_state": "FL",
      "date": "2024-02-25",
      "time": "16:30",
      "taking_passengers": true,
      "seats_available": 3
    }
  },
  {
    "model": "rides.person",
    "pk": 50,
    "fields": {
      "first_name": "Cindy",
      "origination": "Hudson",
      "destination_city": "Miami",
      "destination_state": "FL",
      "date": "2024-02-25",
      "time": "19:00",
      "taking_passengers": true,
      "seats_available": 1
    }
  },
  {
    "model": "rides.person",
    "pk": 51,
    "fields": {
      "first_name": "Diana",
      "origination": "Palm Beach",
      "destination_city": "Miami",
      "destination_state": "FL",
      "date": "2024-02-22",
      "time": "08:30",
      "taking_passengers": true,
      "seats_available": 3
    }
  },
  {
    "model": "rides.person",
    "pk": 52,
    "fields": {
      "first_name": "ABIODUN DOYIN",
      "origination": "Ibadan",
      "destination_city": "Miami",
      "destination_state": "FL",
      "date": "2024-02-23",
      "time": "10:45",
      "taking_passengers": true,
      "seats_available": 2
    }
  },
  {
    "model": "rides.person",
    "pk": 53,
    "fields": {
      "first_name": "Dk Da",
      "origination": "Miami",
      "destination_city": "Miami",
      "destination_state": "FL",
      "date": "2024-02-24",
      "time": "14:15",
      "taking_passengers": false,
      "seats_available": 0
    }
  },
  {
    "model": "rides.person",
    "pk": 54,
    "fields": {
      "first_name": "Carla",
      "origination": "Deptford Township",
      "destination_city": "Miami",
      "destination_state": "FL",
      "date": "2024-02-25",
      "time": "16:30",
      "taking_passengers": true,
      "seats_available": 3
    }
  },
  {
    "model": "rides.person",
    "pk": 55,
    "fields": {
      "first_name": "Nabil",
      "origination": "The Hague",
      "destination_city": "Miami",
      "destination_state": "FL",
      "date": "2024-02-25",
      "time": "19:00",
      "taking_passengers": true,
      "seats_available": 1
    }
  },
  {
    "model": "rides.person",
    "pk": 56,
    "fields": {
      "first_name": "Kim",
      "origination": "Fort Worth",
      "destination_city": "Miami",
      "destination_state": "FL",
      "date": "2024-02-22",
      "time": "08:30",
      "taking_passengers": true,
      "seats_available": 3
    }
  },
  {
    "model": "rides.person",
    "pk": 57,
    "fields": {
      "first_name": "Lamar Tremain",
      "origination": "Columbus",
      "destination_city": "Miami",
      "destination_state": "FL",
      "date": "2024-02-23",
      "time": "10:45",
      "taking_passengers": true,
      "seats_available": 2
    }
  },
  {
    "model": "rides.person",
    "pk": 58,
    "fields": {
      "first_name": "Carlos",
      "origination": "Miami Beach",
      "destination_city": "Miami",
      "destination_state": "FL",
      "date": "2024-02-24",
      "time": "14:15",
      "taking_passengers": false,
      "seats_available": 0
    }
  },
  {
    "model": "rides.person",
    "pk": 59,
    "fields": {
      "first_name": "Naika",
      "origination": "New York",
      "destination_city": "Miami",
      "destination_state": "FL",
      "date": "2024-02-25",
      "time": "16:30",
      "taking_passengers": true,
      "seats_available": 3
    }
  },
  {
    "model": "rides.person",
    "pk": 60,
    "fields": {
      "first_name": "AXBN",
      "origination": "Tampa",
      "destination_city": "Miami",
      "destination_state": "FL",
      "date": "2024-02-25",
      "time": "19:00",
      "taking_passengers": true,
      "seats_available": 1
    }
  },
  {
    "model": "rides.person",
    "pk": 61,
    "fields": {
      "first_name": "Tania",
      "origination": "Miami",
      "destination_city": "Miami",
      "destination_state": "FL",
      "date": "2024-02-22",
      "time": "08:30",
      "taking_passengers": true,
      "seats_available": 3
    }
  },
  {
    "model": "rides.person",
    "pk": 62,
    "fields": {
      "first_name": "Jaime",
      "origination": "North Miami Beach",
      "destination_city": "Miami",
      "destination_state": "FL",
      "date": "2024-02-23",
      "time": "10:45",
      "taking_passengers": true,
      "seats_available": 2
    }
  },
  {
    "model": "rides.person",
    "pk": 63,
    "fields": {
      "first_name": "Perpetual",
      "origination": "Lagos",
      "destination_city": "Miami",
      "destination_state": "FL",
      "date": "2024-02-24",
      "time": "14:15",
      "taking_passengers": false,
      "seats_available": 0
    }
  },
  {
    "model": "rides.person",
    "pk": 64,
    "fields": {
      "first_name": "Eric",
      "origination": "Miami Beach",
      "destination_city": "Miami",
      "destination_state": "FL",
      "date": "2024-02-25",
      "time": "16:30",
      "taking_passengers": true,
      "seats_available": 3
    }
  },
  {
    "model": "rides.person",
    "pk": 65,
    "fields": {
      "first_name": "Gil A",
      "origination": "Sunrise",
      "destination_city": "Miami",
      "destination_state": "FL",
      "date": "2024-02-25",
      "time": "19:00",
      "taking_passengers": true,
      "seats_available": 1
    }
  },
  {
    "model": "rides.person",
    "pk": 66,
    "fields": {
      "first_name": "Jane",
      "origination": "Los Gatos",
      "destination_city": "Miami",
      "destination_state": "FL",
      "date": "2024-02-22",
      "time": "08:30",
      "taking_passengers": true,
      "seats_available": 3
    }
  },
  {
    "model": "rides.person",
    "pk": 67,
    "fields": {
      "first_name": "Lora",
      "origination": "Chicago",
      "destination_city": "Miami",
      "destination_state": "FL",
      "date": "2024-02-23",
      "time": "10:45",
      "taking_passengers": true,
      "seats_available": 2
    }
  },
  {
    "model": "rides.person",
    "pk": 68,
    "fields": {
      "first_name": "Cherry",
      "origination": "Hong Kong",
      "destination_city": "Miami",
      "destination_state": "FL",
      "date": "2024-02-24",
      "time": "14:15",
      "taking_passengers": false,
      "seats_available": 0
    }
  }
]
